{
    "$schema": "https://schema.management.azure.com/schemas/2015-01-01/deploymentParameters.json#",
    "contentVersion": "1.0.0.0",
    "parameters": {
        "sites_TransactionsETL_name": {
            "value": null
        },
        "storageAccounts_finvis_name": {
            "value": null
        },
        "serverfarms_ASP_finvis_af1a_name": {
            "value": null
        },
        "components_TransactionsETL_name": {
            "value": null
        },
        "databaseAccounts_finvisdb_name": {
            "value": null
        },
        "actionGroups_Application_Insights_Smart_Detection_name": {
            "value": null
        },
        "smartdetectoralertrules_failure_anomalies___transactionsetl_name": {
            "value": null
        },
        "workspaces_DefaultWorkspace_e3d88b2a_2a9d_4ae9_bfc0_9c2ec91b868a_EUS_externalid": {
            "value": null
        }
    }
}