{
    "$schema": "https://schema.management.azure.com/schemas/2019-04-01/deploymentTemplate.json#",
    "contentVersion": "1.0.0.0",
    "parameters": {
        "sites_TransactionsETL_name": {
            "defaultValue": "TransactionsETL",
            "type": "String"
        },
        "storageAccounts_finvis_name": {
            "defaultValue": "finvis",
            "type": "String"
        },
        "serverfarms_ASP_finvis_af1a_name": {
            "defaultValue": "ASP-finvis-af1a",
            "type": "String"
        },
        "components_TransactionsETL_name": {
            "defaultValue": "TransactionsETL",
            "type": "String"
        },
        "databaseAccounts_finvisdb_name": {
            "defaultValue": "finvisdb",
            "type": "String"
        },
        "actionGroups_Application_Insights_Smart_Detection_name": {
            "defaultValue": "Application Insights Smart Detection",
            "type": "String"
        },
        "smartdetectoralertrules_failure_anomalies___transactionsetl_name": {
            "defaultValue": "failure anomalies - transactionsetl",
            "type": "String"
        },
        "workspaces_DefaultWorkspace_e3d88b2a_2a9d_4ae9_bfc0_9c2ec91b868a_EUS_externalid": {
            "defaultValue": "/subscriptions/e3d88b2a-2a9d-4ae9-bfc0-9c2ec91b868a/resourceGroups/DefaultResourceGroup-EUS/providers/Microsoft.OperationalInsights/workspaces/DefaultWorkspace-e3d88b2a-2a9d-4ae9-bfc0-9c2ec91b868a-EUS",
            "type": "String"
        }
    },
    "variables": {},
    "resources": [
        {
            "type": "Microsoft.DocumentDB/databaseAccounts",
            "apiVersion": "2021-03-01-preview",
            "name": "[parameters('databaseAccounts_finvisdb_name')]",
            "location": "East US",
            "tags": {
                "defaultExperience": "Core (SQL)",
                "hidden-cosmos-mmspecial": "",
                "CosmosAccountType": "Non-Production"
            },
            "kind": "GlobalDocumentDB",
            "identity": {
                "type": "None"
            },
            "properties": {
                "publicNetworkAccess": "Enabled",
                "enableAutomaticFailover": false,
                "enableMultipleWriteLocations": false,
                "isVirtualNetworkFilterEnabled": false,
                "virtualNetworkRules": [],
                "disableKeyBasedMetadataWriteAccess": false,
                "enableFreeTier": true,
                "enableAnalyticalStorage": false,
                "createMode": "Default",
                "databaseAccountOfferType": "Standard",
                "networkAclBypass": "None",
                "consistencyPolicy": {
                    "defaultConsistencyLevel": "Session",
                    "maxIntervalInSeconds": 5,
                    "maxStalenessPrefix": 100
                },
                "locations": [
                    {
                        "locationName": "East US",
                        "provisioningState": "Succeeded",
                        "failoverPriority": 0,
                        "isZoneRedundant": false
                    }
                ],
                "cors": [],
                "capabilities": [],
                "ipRules": [],
                "backupPolicy": {
                    "type": "Periodic",
                    "periodicModeProperties": {
                        "backupIntervalInMinutes": 240,
                        "backupRetentionIntervalInHours": 8,
                        "backupStorageRedundancy": "Geo"
                    }
                },
                "networkAclBypassResourceIds": []
            }
        },
        {
            "type": "microsoft.insights/actionGroups",
            "apiVersion": "2019-06-01",
            "name": "[parameters('actionGroups_Application_Insights_Smart_Detection_name')]",
            "location": "Global",
            "properties": {
                "groupShortName": "SmartDetect",
                "enabled": true,
                "emailReceivers": [],
                "smsReceivers": [],
                "webhookReceivers": [],
                "itsmReceivers": [],
                "azureAppPushReceivers": [],
                "automationRunbookReceivers": [],
                "voiceReceivers": [],
                "logicAppReceivers": [],
                "azureFunctionReceivers": [],
                "armRoleReceivers": [
                    {
                        "name": "Monitoring Contributor",
                        "roleId": "749f88d5-cbae-40b8-bcfc-e573ddc772fa",
                        "useCommonAlertSchema": true
                    },
                    {
                        "name": "Monitoring Reader",
                        "roleId": "43d0d8ad-25c7-4714-9337-8ba259a9fe05",
                        "useCommonAlertSchema": true
                    }
                ]
            }
        },
        {
            "type": "microsoft.insights/components",
            "apiVersion": "2020-02-02-preview",
            "name": "[parameters('components_TransactionsETL_name')]",
            "location": "eastus",
            "kind": "web",
            "properties": {
                "Application_Type": "web",
                "Flow_Type": "Redfield",
                "Request_Source": "IbizaWebAppExtensionCreate",
                "WorkspaceResourceId": "[parameters('workspaces_DefaultWorkspace_e3d88b2a_2a9d_4ae9_bfc0_9c2ec91b868a_EUS_externalid')]",
                "IngestionMode": "LogAnalytics",
                "publicNetworkAccessForIngestion": "Enabled",
                "publicNetworkAccessForQuery": "Enabled"
            }
        },
        {
            "type": "Microsoft.Storage/storageAccounts",
            "apiVersion": "2021-01-01",
            "name": "[parameters('storageAccounts_finvis_name')]",
            "location": "eastus",
            "sku": {
                "name": "Standard_LRS",
                "tier": "Standard"
            },
            "kind": "StorageV2",
            "properties": {
                "minimumTlsVersion": "TLS1_2",
                "allowBlobPublicAccess": true,
                "allowSharedKeyAccess": true,
                "networkAcls": {
                    "bypass": "AzureServices",
                    "virtualNetworkRules": [],
                    "ipRules": [],
                    "defaultAction": "Allow"
                },
                "supportsHttpsTrafficOnly": true,
                "encryption": {
                    "services": {
                        "file": {
                            "keyType": "Account",
                            "enabled": true
                        },
                        "blob": {
                            "keyType": "Account",
                            "enabled": true
                        }
                    },
                    "keySource": "Microsoft.Storage"
                },
                "accessTier": "Cool"
            }
        },
        {
            "type": "Microsoft.Web/serverfarms",
            "apiVersion": "2018-02-01",
            "name": "[parameters('serverfarms_ASP_finvis_af1a_name')]",
            "location": "East US",
            "sku": {
                "name": "Y1",
                "tier": "Dynamic",
                "size": "Y1",
                "family": "Y",
                "capacity": 0
            },
            "kind": "functionapp",
            "properties": {
                "perSiteScaling": false,
                "maximumElasticWorkerCount": 1,
                "isSpot": false,
                "reserved": false,
                "isXenon": false,
                "hyperV": false,
                "targetWorkerCount": 0,
                "targetWorkerSizeId": 0
            }
        },
        {
            "type": "Microsoft.DocumentDB/databaseAccounts/notebookWorkspaces",
            "apiVersion": "2021-03-01-preview",
            "name": "[concat(parameters('databaseAccounts_finvisdb_name'), '/default')]",
            "dependsOn": [
                "[resourceId('Microsoft.DocumentDB/databaseAccounts', parameters('databaseAccounts_finvisdb_name'))]"
            ]
        },
        {
            "type": "Microsoft.DocumentDB/databaseAccounts/sqlDatabases",
            "apiVersion": "2021-03-01-preview",
            "name": "[concat(parameters('databaseAccounts_finvisdb_name'), '/finvis')]",
            "dependsOn": [
                "[resourceId('Microsoft.DocumentDB/databaseAccounts', parameters('databaseAccounts_finvisdb_name'))]"
            ],
            "properties": {
                "resource": {
                    "id": "finvis"
                }
            }
        },
        {
            "type": "microsoft.insights/components/ProactiveDetectionConfigs",
            "apiVersion": "2018-05-01-preview",
            "name": "[concat(parameters('components_TransactionsETL_name'), '/degradationindependencyduration')]",
            "location": "eastus",
            "dependsOn": [
                "[resourceId('microsoft.insights/components', parameters('components_TransactionsETL_name'))]"
            ],
            "properties": {
                "ruleDefinitions": {
                    "Name": "degradationindependencyduration",
                    "DisplayName": "Degradation in dependency duration",
                    "Description": "Smart Detection rules notify you of performance anomaly issues.",
                    "HelpUrl": "https://docs.microsoft.com/en-us/azure/application-insights/app-insights-proactive-performance-diagnostics",
                    "IsHidden": false,
                    "IsEnabledByDefault": true,
                    "IsInPreview": false,
                    "SupportsEmailNotifications": true
                },
                "enabled": true,
                "sendEmailsToSubscriptionOwners": true,
                "customEmails": []
            }
        },
        {
            "type": "microsoft.insights/components/ProactiveDetectionConfigs",
            "apiVersion": "2018-05-01-preview",
            "name": "[concat(parameters('components_TransactionsETL_name'), '/degradationinserverresponsetime')]",
            "location": "eastus",
            "dependsOn": [
                "[resourceId('microsoft.insights/components', parameters('components_TransactionsETL_name'))]"
            ],
            "properties": {
                "ruleDefinitions": {
                    "Name": "degradationinserverresponsetime",
                    "DisplayName": "Degradation in server response time",
                    "Description": "Smart Detection rules notify you of performance anomaly issues.",
                    "HelpUrl": "https://docs.microsoft.com/en-us/azure/application-insights/app-insights-proactive-performance-diagnostics",
                    "IsHidden": false,
                    "IsEnabledByDefault": true,
                    "IsInPreview": false,
                    "SupportsEmailNotifications": true
                },
                "enabled": true,
                "sendEmailsToSubscriptionOwners": true,
                "customEmails": []
            }
        },
        {
            "type": "microsoft.insights/components/ProactiveDetectionConfigs",
            "apiVersion": "2018-05-01-preview",
            "name": "[concat(parameters('components_TransactionsETL_name'), '/digestMailConfiguration')]",
            "location": "eastus",
            "dependsOn": [
                "[resourceId('microsoft.insights/components', parameters('components_TransactionsETL_name'))]"
            ],
            "properties": {
                "ruleDefinitions": {
                    "Name": "digestMailConfiguration",
                    "DisplayName": "Digest Mail Configuration",
                    "Description": "This rule describes the digest mail preferences",
                    "HelpUrl": "www.homail.com",
                    "IsHidden": true,
                    "IsEnabledByDefault": true,
                    "IsInPreview": false,
                    "SupportsEmailNotifications": true
                },
                "enabled": true,
                "sendEmailsToSubscriptionOwners": true,
                "customEmails": []
            }
        },
        {
            "type": "microsoft.insights/components/ProactiveDetectionConfigs",
            "apiVersion": "2018-05-01-preview",
            "name": "[concat(parameters('components_TransactionsETL_name'), '/extension_billingdatavolumedailyspikeextension')]",
            "location": "eastus",
            "dependsOn": [
                "[resourceId('microsoft.insights/components', parameters('components_TransactionsETL_name'))]"
            ],
            "properties": {
                "ruleDefinitions": {
                    "Name": "extension_billingdatavolumedailyspikeextension",
                    "DisplayName": "Abnormal rise in daily data volume (preview)",
                    "Description": "This detection rule automatically analyzes the billing data generated by your application, and can warn you about an unusual increase in your application's billing costs",
                    "HelpUrl": "https://github.com/Microsoft/ApplicationInsights-Home/tree/master/SmartDetection/billing-data-volume-daily-spike.md",
                    "IsHidden": false,
                    "IsEnabledByDefault": true,
                    "IsInPreview": true,
                    "SupportsEmailNotifications": false
                },
                "enabled": true,
                "sendEmailsToSubscriptionOwners": true,
                "customEmails": []
            }
        },
        {
            "type": "microsoft.insights/components/ProactiveDetectionConfigs",
            "apiVersion": "2018-05-01-preview",
            "name": "[concat(parameters('components_TransactionsETL_name'), '/extension_canaryextension')]",
            "location": "eastus",
            "dependsOn": [
                "[resourceId('microsoft.insights/components', parameters('components_TransactionsETL_name'))]"
            ],
            "properties": {
                "ruleDefinitions": {
                    "Name": "extension_canaryextension",
                    "DisplayName": "Canary extension",
                    "Description": "Canary extension",
                    "HelpUrl": "https://github.com/Microsoft/ApplicationInsights-Home/blob/master/SmartDetection/",
                    "IsHidden": true,
                    "IsEnabledByDefault": true,
                    "IsInPreview": true,
                    "SupportsEmailNotifications": false
                },
                "enabled": true,
                "sendEmailsToSubscriptionOwners": true,
                "customEmails": []
            }
        },
        {
            "type": "microsoft.insights/components/ProactiveDetectionConfigs",
            "apiVersion": "2018-05-01-preview",
            "name": "[concat(parameters('components_TransactionsETL_name'), '/extension_exceptionchangeextension')]",
            "location": "eastus",
            "dependsOn": [
                "[resourceId('microsoft.insights/components', parameters('components_TransactionsETL_name'))]"
            ],
            "properties": {
                "ruleDefinitions": {
                    "Name": "extension_exceptionchangeextension",
                    "DisplayName": "Abnormal rise in exception volume (preview)",
                    "Description": "This detection rule automatically analyzes the exceptions thrown in your application, and can warn you about unusual patterns in your exception telemetry.",
                    "HelpUrl": "https://github.com/Microsoft/ApplicationInsights-Home/blob/master/SmartDetection/abnormal-rise-in-exception-volume.md",
                    "IsHidden": false,
                    "IsEnabledByDefault": true,
                    "IsInPreview": true,
                    "SupportsEmailNotifications": false
                },
                "enabled": true,
                "sendEmailsToSubscriptionOwners": true,
                "customEmails": []
            }
        },
        {
            "type": "microsoft.insights/components/ProactiveDetectionConfigs",
            "apiVersion": "2018-05-01-preview",
            "name": "[concat(parameters('components_TransactionsETL_name'), '/extension_memoryleakextension')]",
            "location": "eastus",
            "dependsOn": [
                "[resourceId('microsoft.insights/components', parameters('components_TransactionsETL_name'))]"
            ],
            "properties": {
                "ruleDefinitions": {
                    "Name": "extension_memoryleakextension",
                    "DisplayName": "Potential memory leak detected (preview)",
                    "Description": "This detection rule automatically analyzes the memory consumption of each process in your application, and can warn you about potential memory leaks or increased memory consumption.",
                    "HelpUrl": "https://github.com/Microsoft/ApplicationInsights-Home/tree/master/SmartDetection/memory-leak.md",
                    "IsHidden": false,
                    "IsEnabledByDefault": true,
                    "IsInPreview": true,
                    "SupportsEmailNotifications": false
                },
                "enabled": true,
                "sendEmailsToSubscriptionOwners": true,
                "customEmails": []
            }
        },
        {
            "type": "microsoft.insights/components/ProactiveDetectionConfigs",
            "apiVersion": "2018-05-01-preview",
            "name": "[concat(parameters('components_TransactionsETL_name'), '/extension_securityextensionspackage')]",
            "location": "eastus",
            "dependsOn": [
                "[resourceId('microsoft.insights/components', parameters('components_TransactionsETL_name'))]"
            ],
            "properties": {
                "ruleDefinitions": {
                    "Name": "extension_securityextensionspackage",
                    "DisplayName": "Potential security issue detected (preview)",
                    "Description": "This detection rule automatically analyzes the telemetry generated by your application and detects potential security issues.",
                    "HelpUrl": "https://github.com/Microsoft/ApplicationInsights-Home/blob/master/SmartDetection/application-security-detection-pack.md",
                    "IsHidden": false,
                    "IsEnabledByDefault": true,
                    "IsInPreview": true,
                    "SupportsEmailNotifications": false
                },
                "enabled": true,
                "sendEmailsToSubscriptionOwners": true,
                "customEmails": []
            }
        },
        {
            "type": "microsoft.insights/components/ProactiveDetectionConfigs",
            "apiVersion": "2018-05-01-preview",
            "name": "[concat(parameters('components_TransactionsETL_name'), '/extension_traceseveritydetector')]",
            "location": "eastus",
            "dependsOn": [
                "[resourceId('microsoft.insights/components', parameters('components_TransactionsETL_name'))]"
            ],
            "properties": {
                "ruleDefinitions": {
                    "Name": "extension_traceseveritydetector",
                    "DisplayName": "Degradation in trace severity ratio (preview)",
                    "Description": "This detection rule automatically analyzes the trace logs emitted from your application, and can warn you about unusual patterns in the severity of your trace telemetry.",
                    "HelpUrl": "https://github.com/Microsoft/ApplicationInsights-Home/blob/master/SmartDetection/degradation-in-trace-severity-ratio.md",
                    "IsHidden": false,
                    "IsEnabledByDefault": true,
                    "IsInPreview": true,
                    "SupportsEmailNotifications": false
                },
                "enabled": true,
                "sendEmailsToSubscriptionOwners": true,
                "customEmails": []
            }
        },
        {
            "type": "microsoft.insights/components/ProactiveDetectionConfigs",
            "apiVersion": "2018-05-01-preview",
            "name": "[concat(parameters('components_TransactionsETL_name'), '/longdependencyduration')]",
            "location": "eastus",
            "dependsOn": [
                "[resourceId('microsoft.insights/components', parameters('components_TransactionsETL_name'))]"
            ],
            "properties": {
                "ruleDefinitions": {
                    "Name": "longdependencyduration",
                    "DisplayName": "Long dependency duration",
                    "Description": "Smart Detection rules notify you of performance anomaly issues.",
                    "HelpUrl": "https://docs.microsoft.com/en-us/azure/application-insights/app-insights-proactive-performance-diagnostics",
                    "IsHidden": false,
                    "IsEnabledByDefault": true,
                    "IsInPreview": false,
                    "SupportsEmailNotifications": true
                },
                "enabled": true,
                "sendEmailsToSubscriptionOwners": true,
                "customEmails": []
            }
        },
        {
            "type": "microsoft.insights/components/ProactiveDetectionConfigs",
            "apiVersion": "2018-05-01-preview",
            "name": "[concat(parameters('components_TransactionsETL_name'), '/migrationToAlertRulesCompleted')]",
            "location": "eastus",
            "dependsOn": [
                "[resourceId('microsoft.insights/components', parameters('components_TransactionsETL_name'))]"
            ],
            "properties": {
                "ruleDefinitions": {
                    "Name": "migrationToAlertRulesCompleted",
                    "DisplayName": "Migration To Alert Rules Completed",
                    "Description": "A configuration that controls the migration state of Smart Detection to Smart Alerts",
                    "HelpUrl": "https://docs.microsoft.com/en-us/azure/application-insights/app-insights-proactive-performance-diagnostics",
                    "IsHidden": true,
                    "IsEnabledByDefault": false,
                    "IsInPreview": true,
                    "SupportsEmailNotifications": false
                },
                "enabled": false,
                "sendEmailsToSubscriptionOwners": true,
                "customEmails": []
            }
        },
        {
            "type": "microsoft.insights/components/ProactiveDetectionConfigs",
            "apiVersion": "2018-05-01-preview",
            "name": "[concat(parameters('components_TransactionsETL_name'), '/slowpageloadtime')]",
            "location": "eastus",
            "dependsOn": [
                "[resourceId('microsoft.insights/components', parameters('components_TransactionsETL_name'))]"
            ],
            "properties": {
                "ruleDefinitions": {
                    "Name": "slowpageloadtime",
                    "DisplayName": "Slow page load time",
                    "Description": "Smart Detection rules notify you of performance anomaly issues.",
                    "HelpUrl": "https://docs.microsoft.com/en-us/azure/application-insights/app-insights-proactive-performance-diagnostics",
                    "IsHidden": false,
                    "IsEnabledByDefault": true,
                    "IsInPreview": false,
                    "SupportsEmailNotifications": true
                },
                "enabled": true,
                "sendEmailsToSubscriptionOwners": true,
                "customEmails": []
            }
        },
        {
            "type": "microsoft.insights/components/ProactiveDetectionConfigs",
            "apiVersion": "2018-05-01-preview",
            "name": "[concat(parameters('components_TransactionsETL_name'), '/slowserverresponsetime')]",
            "location": "eastus",
            "dependsOn": [
                "[resourceId('microsoft.insights/components', parameters('components_TransactionsETL_name'))]"
            ],
            "properties": {
                "ruleDefinitions": {
                    "Name": "slowserverresponsetime",
                    "DisplayName": "Slow server response time",
                    "Description": "Smart Detection rules notify you of performance anomaly issues.",
                    "HelpUrl": "https://docs.microsoft.com/en-us/azure/application-insights/app-insights-proactive-performance-diagnostics",
                    "IsHidden": false,
                    "IsEnabledByDefault": true,
                    "IsInPreview": false,
                    "SupportsEmailNotifications": true
                },
                "enabled": true,
                "sendEmailsToSubscriptionOwners": true,
                "customEmails": []
            }
        },
        {
            "type": "Microsoft.Storage/storageAccounts/blobServices",
            "apiVersion": "2021-01-01",
            "name": "[concat(parameters('storageAccounts_finvis_name'), '/default')]",
            "dependsOn": [
                "[resourceId('Microsoft.Storage/storageAccounts', parameters('storageAccounts_finvis_name'))]"
            ],
            "sku": {
                "name": "Standard_LRS",
                "tier": "Standard"
            },
            "properties": {
                "cors": {
                    "corsRules": []
                },
                "deleteRetentionPolicy": {
                    "enabled": false
                }
            }
        },
        {
            "type": "Microsoft.Storage/storageAccounts/fileServices",
            "apiVersion": "2021-01-01",
            "name": "[concat(parameters('storageAccounts_finvis_name'), '/default')]",
            "dependsOn": [
                "[resourceId('Microsoft.Storage/storageAccounts', parameters('storageAccounts_finvis_name'))]"
            ],
            "sku": {
                "name": "Standard_LRS",
                "tier": "Standard"
            },
            "properties": {
                "protocolSettings": {
                    "smb": {}
                },
                "cors": {
                    "corsRules": []
                },
                "shareDeleteRetentionPolicy": {
                    "enabled": true,
                    "days": 7
                }
            }
        },
        {
            "type": "Microsoft.Storage/storageAccounts/queueServices",
            "apiVersion": "2021-01-01",
            "name": "[concat(parameters('storageAccounts_finvis_name'), '/default')]",
            "dependsOn": [
                "[resourceId('Microsoft.Storage/storageAccounts', parameters('storageAccounts_finvis_name'))]"
            ],
            "properties": {
                "cors": {
                    "corsRules": []
                }
            }
        },
        {
            "type": "Microsoft.Storage/storageAccounts/tableServices",
            "apiVersion": "2021-01-01",
            "name": "[concat(parameters('storageAccounts_finvis_name'), '/default')]",
            "dependsOn": [
                "[resourceId('Microsoft.Storage/storageAccounts', parameters('storageAccounts_finvis_name'))]"
            ],
            "properties": {
                "cors": {
                    "corsRules": []
                }
            }
        },
        {
            "type": "Microsoft.Web/sites",
            "apiVersion": "2018-11-01",
            "name": "[parameters('sites_TransactionsETL_name')]",
            "location": "East US",
            "dependsOn": [
                "[resourceId('Microsoft.Web/serverfarms', parameters('serverfarms_ASP_finvis_af1a_name'))]"
            ],
            "kind": "functionapp",
            "identity": {
                "principalId": "ab552e6c-6405-4ce0-b035-d7b9b405670a",
                "tenantId": "8b9e4831-e533-45b7-8e7b-be6cdfdf943c",
                "type": "SystemAssigned"
            },
            "properties": {
                "enabled": true,
                "hostNameSslStates": [
                    {
                        "name": "transactionsetl.azurewebsites.net",
                        "sslState": "Disabled",
                        "hostType": "Standard"
                    },
                    {
                        "name": "transactionsetl.scm.azurewebsites.net",
                        "sslState": "Disabled",
                        "hostType": "Repository"
                    }
                ],
                "serverFarmId": "[resourceId('Microsoft.Web/serverfarms', parameters('serverfarms_ASP_finvis_af1a_name'))]",
                "reserved": false,
                "isXenon": false,
                "hyperV": false,
                "siteConfig": {},
                "scmSiteAlsoStopped": false,
                "clientAffinityEnabled": false,
                "clientCertEnabled": false,
                "hostNamesDisabled": false,
                "containerSize": 1536,
                "dailyMemoryTimeQuota": 0,
                "httpsOnly": false,
                "redundancyMode": "None"
            }
        },
        {
            "type": "Microsoft.Web/sites/config",
            "apiVersion": "2018-11-01",
            "name": "[concat(parameters('sites_TransactionsETL_name'), '/web')]",
            "location": "East US",
            "dependsOn": [
                "[resourceId('Microsoft.Web/sites', parameters('sites_TransactionsETL_name'))]"
            ],
            "properties": {
                "numberOfWorkers": 1,
                "defaultDocuments": [
                    "Default.htm",
                    "Default.html",
                    "Default.asp",
                    "index.htm",
                    "index.html",
                    "iisstart.htm",
                    "default.aspx",
                    "index.php"
                ],
                "netFrameworkVersion": "v4.0",
                "phpVersion": "5.6",
                "requestTracingEnabled": false,
                "remoteDebuggingEnabled": false,
                "remoteDebuggingVersion": "VS2019",
                "httpLoggingEnabled": false,
                "logsDirectorySizeLimit": 35,
                "detailedErrorLoggingEnabled": false,
                "publishingUsername": "$TransactionsETL",
                "azureStorageAccounts": {},
                "scmType": "None",
                "use32BitWorkerProcess": true,
                "webSocketsEnabled": false,
                "alwaysOn": false,
                "managedPipelineMode": "Integrated",
                "virtualApplications": [
                    {
                        "virtualPath": "/",
                        "physicalPath": "site\\wwwroot",
                        "preloadEnabled": false
                    }
                ],
                "loadBalancing": "LeastRequests",
                "experiments": {
                    "rampUpRules": []
                },
                "autoHealEnabled": false,
                "cors": {
                    "allowedOrigins": [
                        "https://functions.azure.com",
                        "https://functions-staging.azure.com",
                        "https://functions-next.azure.com"
                    ],
                    "supportCredentials": false
                },
                "localMySqlEnabled": false,
                "managedServiceIdentityId": 9317,
                "ipSecurityRestrictions": [
                    {
                        "ipAddress": "Any",
                        "action": "Allow",
                        "priority": 1,
                        "name": "Allow all",
                        "description": "Allow all access"
                    }
                ],
                "scmIpSecurityRestrictions": [
                    {
                        "ipAddress": "Any",
                        "action": "Allow",
                        "priority": 1,
                        "name": "Allow all",
                        "description": "Allow all access"
                    }
                ],
                "scmIpSecurityRestrictionsUseMain": false,
                "http20Enabled": false,
                "minTlsVersion": "1.2",
                "ftpsState": "AllAllowed",
                "reservedInstanceCount": 0
            }
        },
        {
            "type": "Microsoft.Web/sites/deployments",
            "apiVersion": "2018-11-01",
            "name": "[concat(parameters('sites_TransactionsETL_name'), '/02d553ad75c59a6d95fb53aa67bc5a711296bad21618420143574')]",
            "location": "East US",
            "dependsOn": [
                "[resourceId('Microsoft.Web/sites', parameters('sites_TransactionsETL_name'))]"
            ],
            "properties": {
                "status": 4,
                "author": "ebclark2",
                "deployer": "GitHub",
                "message": "{\"type\":\"Deployment\",\"sha\":\"02d553ad75c59a6d95fb53aa67bc5a711296bad2\",\"repoName\":\"ebclark2/finvis\",\"slotName\":\"production\"}",
                "start_time": "2021-04-14T17:09:04.118326Z",
                "end_time": "2021-04-14T17:09:04.118326Z",
                "active": false
            }
        },
        {
            "type": "Microsoft.Web/sites/deployments",
            "apiVersion": "2018-11-01",
            "name": "[concat(parameters('sites_TransactionsETL_name'), '/2044a2066b548036c009f97c690fe942d6f798591618424184474')]",
            "location": "East US",
            "dependsOn": [
                "[resourceId('Microsoft.Web/sites', parameters('sites_TransactionsETL_name'))]"
            ],
            "properties": {
                "status": 4,
                "author": "ebclark2",
                "deployer": "GitHub",
                "message": "{\"type\":\"Deployment\",\"sha\":\"2044a2066b548036c009f97c690fe942d6f79859\",\"repoName\":\"ebclark2/finvis\",\"slotName\":\"production\"}",
                "start_time": "2021-04-14T18:16:25.2675946Z",
                "end_time": "2021-04-14T18:16:25.2675946Z",
                "active": false
            }
        },
        {
            "type": "Microsoft.Web/sites/deployments",
            "apiVersion": "2018-11-01",
            "name": "[concat(parameters('sites_TransactionsETL_name'), '/2063922f27aa4c1195839f5d85420cb4')]",
            "location": "East US",
            "dependsOn": [
                "[resourceId('Microsoft.Web/sites', parameters('sites_TransactionsETL_name'))]"
            ],
            "properties": {
                "status": 4,
                "author_email": "N/A",
                "author": "N/A",
                "deployer": "GITHUB_ZIP_DEPLOY",
                "message": "Created via a push deployment",
                "start_time": "2021-04-14T18:16:02.3064818Z",
                "end_time": "2021-04-14T18:16:20.5598386Z",
                "active": false
            }
        },
        {
            "type": "Microsoft.Web/sites/deployments",
            "apiVersion": "2018-11-01",
            "name": "[concat(parameters('sites_TransactionsETL_name'), '/45b62f71577d424483223ac4d69d2e06')]",
            "location": "East US",
            "dependsOn": [
                "[resourceId('Microsoft.Web/sites', parameters('sites_TransactionsETL_name'))]"
            ],
            "properties": {
                "status": 4,
                "author_email": "N/A",
                "author": "N/A",
                "deployer": "GITHUB_ZIP_DEPLOY",
                "message": "Created via a push deployment",
                "start_time": "2021-04-14T18:20:48.1571812Z",
                "end_time": "2021-04-14T18:21:05.7777848Z",
                "active": false
            }
        },
        {
            "type": "Microsoft.Web/sites/deployments",
            "apiVersion": "2018-11-01",
            "name": "[concat(parameters('sites_TransactionsETL_name'), '/613dfadc908b910847108da334aa1a841d7c56771618424469555')]",
            "location": "East US",
            "dependsOn": [
                "[resourceId('Microsoft.Web/sites', parameters('sites_TransactionsETL_name'))]"
            ],
            "properties": {
                "status": 4,
                "author": "ebclark2",
                "deployer": "GitHub",
                "message": "{\"type\":\"Deployment\",\"sha\":\"613dfadc908b910847108da334aa1a841d7c5677\",\"repoName\":\"ebclark2/finvis\",\"slotName\":\"production\"}",
                "start_time": "2021-04-14T18:21:10.1777266Z",
                "end_time": "2021-04-14T18:21:10.1777266Z",
                "active": false
            }
        },
        {
            "type": "Microsoft.Web/sites/deployments",
            "apiVersion": "2018-11-01",
            "name": "[concat(parameters('sites_TransactionsETL_name'), '/704227f4dc36446b9ed92e07da7b0cc3')]",
            "location": "East US",
            "dependsOn": [
                "[resourceId('Microsoft.Web/sites', parameters('sites_TransactionsETL_name'))]"
            ],
            "properties": {
                "status": 4,
                "author_email": "N/A",
                "author": "N/A",
                "deployer": "GITHUB_ZIP_DEPLOY",
                "message": "Created via a push deployment",
                "start_time": "2021-04-14T18:39:44.866386Z",
                "end_time": "2021-04-14T18:40:00.3520765Z",
                "active": false
            }
        },
        {
            "type": "Microsoft.Web/sites/deployments",
            "apiVersion": "2018-11-01",
            "name": "[concat(parameters('sites_TransactionsETL_name'), '/8e5e40025c3309af25d8f03cd49280b7e08d194f1618423089712')]",
            "location": "East US",
            "dependsOn": [
                "[resourceId('Microsoft.Web/sites', parameters('sites_TransactionsETL_name'))]"
            ],
            "properties": {
                "status": 4,
                "author": "ebclark2",
                "deployer": "GitHub",
                "message": "{\"type\":\"Deployment\",\"sha\":\"8e5e40025c3309af25d8f03cd49280b7e08d194f\",\"repoName\":\"ebclark2/finvis\",\"slotName\":\"production\"}",
                "start_time": "2021-04-14T17:58:10.1878741Z",
                "end_time": "2021-04-14T17:58:10.1878741Z",
                "active": false
            }
        },
        {
            "type": "Microsoft.Web/sites/deployments",
            "apiVersion": "2018-11-01",
            "name": "[concat(parameters('sites_TransactionsETL_name'), '/9856aa1209a347b3af08d773da49a224')]",
            "location": "East US",
            "dependsOn": [
                "[resourceId('Microsoft.Web/sites', parameters('sites_TransactionsETL_name'))]"
            ],
            "properties": {
                "status": 4,
                "author_email": "N/A",
                "author": "N/A",
                "deployer": "GITHUB_ZIP_DEPLOY",
                "message": "Created via a push deployment",
                "start_time": "2021-04-14T17:08:48.6415383Z",
                "end_time": "2021-04-14T17:09:00.5372196Z",
                "active": false
            }
        },
        {
            "type": "Microsoft.Web/sites/deployments",
            "apiVersion": "2018-11-01",
            "name": "[concat(parameters('sites_TransactionsETL_name'), '/aa05b0b0f44dc2ea55a28c7807c0cfa2e0c0f1f31618425604617')]",
            "location": "East US",
            "dependsOn": [
                "[resourceId('Microsoft.Web/sites', parameters('sites_TransactionsETL_name'))]"
            ],
            "properties": {
                "status": 4,
                "author": "ebclark2",
                "deployer": "GitHub",
                "message": "{\"type\":\"Deployment\",\"sha\":\"aa05b0b0f44dc2ea55a28c7807c0cfa2e0c0f1f3\",\"repoName\":\"ebclark2/finvis\",\"slotName\":\"production\"}",
                "start_time": "2021-04-14T18:40:05.1040494Z",
                "end_time": "2021-04-14T18:40:05.1040494Z",
                "active": true
            }
        },
        {
            "type": "Microsoft.Web/sites/deployments",
            "apiVersion": "2018-11-01",
            "name": "[concat(parameters('sites_TransactionsETL_name'), '/deb532e775ce4f54b0bbe300d43d7bcb')]",
            "location": "East US",
            "dependsOn": [
                "[resourceId('Microsoft.Web/sites', parameters('sites_TransactionsETL_name'))]"
            ],
            "properties": {
                "status": 4,
                "author_email": "N/A",
                "author": "N/A",
                "deployer": "GITHUB_ZIP_DEPLOY",
                "message": "Created via a push deployment",
                "start_time": "2021-04-14T17:57:44.0480408Z",
                "end_time": "2021-04-14T17:58:04.6232311Z",
                "active": false
            }
        },
        {
            "type": "Microsoft.Web/sites/functions",
            "apiVersion": "2018-11-01",
            "name": "[concat(parameters('sites_TransactionsETL_name'), '/Function1')]",
            "location": "East US",
            "dependsOn": [
                "[resourceId('Microsoft.Web/sites', parameters('sites_TransactionsETL_name'))]"
            ],
            "properties": {
                "script_root_path_href": "https://transactionsetl.azurewebsites.net/admin/vfs/site/wwwroot/Function1/",
                "script_href": "https://transactionsetl.azurewebsites.net/admin/vfs/site/wwwroot/bin/TransactionsETL.dll",
                "config_href": "https://transactionsetl.azurewebsites.net/admin/vfs/site/wwwroot/Function1/function.json",
                "href": "https://transactionsetl.azurewebsites.net/admin/functions/Function1",
                "config": {}
            }
        },
        {
            "type": "Microsoft.Web/sites/hostNameBindings",
            "apiVersion": "2018-11-01",
            "name": "[concat(parameters('sites_TransactionsETL_name'), '/', parameters('sites_TransactionsETL_name'), '.azurewebsites.net')]",
            "location": "East US",
            "dependsOn": [
                "[resourceId('Microsoft.Web/sites', parameters('sites_TransactionsETL_name'))]"
            ],
            "properties": {
                "siteName": "TransactionsETL",
                "hostNameType": "Verified"
            }
        },
        {
            "type": "microsoft.alertsmanagement/smartdetectoralertrules",
            "apiVersion": "2019-06-01",
            "name": "[parameters('smartdetectoralertrules_failure_anomalies___transactionsetl_name')]",
            "location": "global",
            "dependsOn": [
                "[resourceId('microsoft.insights/components', parameters('components_TransactionsETL_name'))]",
                "[resourceId('microsoft.insights/actionGroups', parameters('actionGroups_Application_Insights_Smart_Detection_name'))]"
            ],
            "properties": {
                "description": "Failure Anomalies notifies you of an unusual rise in the rate of failed HTTP requests or dependency calls.",
                "state": "Enabled",
                "severity": "Sev3",
                "frequency": "PT1M",
                "detector": {
                    "id": "FailureAnomaliesDetector",
                    "name": "Failure Anomalies",
                    "description": "Detects if your application experiences an abnormal rise in the rate of HTTP requests or dependency calls that are reported as failed. The anomaly detection uses machine learning algorithms and occurs in near real time, therefore there's no need to define a frequency for this signal.<br/></br/>To help you triage and diagnose the problem, an analysis of the characteristics of the failures and related telemetry is provided with the detection. This feature works for any app, hosted in the cloud or on your own servers, that generates request or dependency telemetry - for example, if you have a worker role that calls <a class=\"ext-smartDetecor-link\" href=\\\"https://docs.microsoft.com/azure/application-insights/app-insights-api-custom-events-metrics#trackrequest\\\" target=\\\"_blank\\\">TrackRequest()</a> or <a class=\"ext-smartDetecor-link\" href=\\\"https://docs.microsoft.com/azure/application-insights/app-insights-api-custom-events-metrics#trackdependency\\\" target=\\\"_blank\\\">TrackDependency()</a>.<br/><br/><a class=\"ext-smartDetecor-link\" href=\\\"https://docs.microsoft.com/azure/azure-monitor/app/proactive-failure-diagnostics\\\" target=\\\"_blank\\\">Learn more about Failure Anomalies</a><br><br><b>A note about your data privacy:</b><br><br>The service is entirely automatic and only you can see these notifications. <a class=\\\"ext-smartDetecor-link\\\" href=\\\"https://docs.microsoft.com/en-us/azure/azure-monitor/app/data-retention-privacy\\\" target=\\\"_blank\\\">Read more about data privacy</a><br><br>Smart Alerts conditions can't be edited or added for now.",
                    "supportedResourceTypes": [
                        "ApplicationInsights"
                    ]
                },
                "scope": [
                    "[resourceId('microsoft.insights/components', parameters('components_TransactionsETL_name'))]"
                ],
                "actionGroups": {
                    "groupIds": [
                        "[resourceId('microsoft.insights/actionGroups', parameters('actionGroups_Application_Insights_Smart_Detection_name'))]"
                    ]
                }
            }
        },
        {
            "type": "Microsoft.DocumentDB/databaseAccounts/sqlDatabases/containers",
            "apiVersion": "2021-03-01-preview",
            "name": "[concat(parameters('databaseAccounts_finvisdb_name'), '/finvis/finvis-c1')]",
            "dependsOn": [
                "[resourceId('Microsoft.DocumentDB/databaseAccounts/sqlDatabases', parameters('databaseAccounts_finvisdb_name'), 'finvis')]",
                "[resourceId('Microsoft.DocumentDB/databaseAccounts', parameters('databaseAccounts_finvisdb_name'))]"
            ],
            "properties": {
                "resource": {
                    "id": "finvis-c1",
                    "indexingPolicy": {
                        "indexingMode": "consistent",
                        "automatic": true,
                        "includedPaths": [
                            {
                                "path": "/*"
                            }
                        ],
                        "excludedPaths": [
                            {
                                "path": "/\"_etag\"/?"
                            }
                        ]
                    },
                    "partitionKey": {
                        "paths": [
                            "/transactionId"
                        ],
                        "kind": "Hash"
                    },
                    "uniqueKeyPolicy": {
                        "uniqueKeys": []
                    },
                    "conflictResolutionPolicy": {
                        "mode": "LastWriterWins",
                        "conflictResolutionPath": "/_ts"
                    }
                }
            }
        },
        {
            "type": "Microsoft.DocumentDB/databaseAccounts/sqlDatabases/throughputSettings",
            "apiVersion": "2021-03-01-preview",
            "name": "[concat(parameters('databaseAccounts_finvisdb_name'), '/finvis/default')]",
            "dependsOn": [
                "[resourceId('Microsoft.DocumentDB/databaseAccounts/sqlDatabases', parameters('databaseAccounts_finvisdb_name'), 'finvis')]",
                "[resourceId('Microsoft.DocumentDB/databaseAccounts', parameters('databaseAccounts_finvisdb_name'))]"
            ],
            "properties": {
                "resource": {
                    "throughput": 400
                }
            }
        },
        {
            "type": "Microsoft.Storage/storageAccounts/blobServices/containers",
            "apiVersion": "2021-01-01",
            "name": "[concat(parameters('storageAccounts_finvis_name'), '/default/azure-webjobs-hosts')]",
            "dependsOn": [
                "[resourceId('Microsoft.Storage/storageAccounts/blobServices', parameters('storageAccounts_finvis_name'), 'default')]",
                "[resourceId('Microsoft.Storage/storageAccounts', parameters('storageAccounts_finvis_name'))]"
            ],
            "properties": {
                "defaultEncryptionScope": "$account-encryption-key",
                "denyEncryptionScopeOverride": false,
                "publicAccess": "None"
            }
        },
        {
            "type": "Microsoft.Storage/storageAccounts/blobServices/containers",
            "apiVersion": "2021-01-01",
            "name": "[concat(parameters('storageAccounts_finvis_name'), '/default/azure-webjobs-secrets')]",
            "dependsOn": [
                "[resourceId('Microsoft.Storage/storageAccounts/blobServices', parameters('storageAccounts_finvis_name'), 'default')]",
                "[resourceId('Microsoft.Storage/storageAccounts', parameters('storageAccounts_finvis_name'))]"
            ],
            "properties": {
                "defaultEncryptionScope": "$account-encryption-key",
                "denyEncryptionScopeOverride": false,
                "publicAccess": "None"
            }
        },
        {
            "type": "Microsoft.Storage/storageAccounts/blobServices/containers",
            "apiVersion": "2021-01-01",
            "name": "[concat(parameters('storageAccounts_finvis_name'), '/default/transactions')]",
            "dependsOn": [
                "[resourceId('Microsoft.Storage/storageAccounts/blobServices', parameters('storageAccounts_finvis_name'), 'default')]",
                "[resourceId('Microsoft.Storage/storageAccounts', parameters('storageAccounts_finvis_name'))]"
            ],
            "properties": {
                "defaultEncryptionScope": "$account-encryption-key",
                "denyEncryptionScopeOverride": false,
                "publicAccess": "None"
            }
        },
        {
            "type": "Microsoft.Storage/storageAccounts/fileServices/shares",
            "apiVersion": "2021-01-01",
            "name": "[concat(parameters('storageAccounts_finvis_name'), '/default/transactionsetla60b')]",
            "dependsOn": [
                "[resourceId('Microsoft.Storage/storageAccounts/fileServices', parameters('storageAccounts_finvis_name'), 'default')]",
                "[resourceId('Microsoft.Storage/storageAccounts', parameters('storageAccounts_finvis_name'))]"
            ],
            "properties": {
                "accessTier": "TransactionOptimized",
                "shareQuota": 5120,
                "enabledProtocols": "SMB"
            }
        },
        {
            "type": "Microsoft.Storage/storageAccounts/queueServices/queues",
            "apiVersion": "2021-01-01",
            "name": "[concat(parameters('storageAccounts_finvis_name'), '/default/azure-webjobs-blobtrigger-transactionsetl')]",
            "dependsOn": [
                "[resourceId('Microsoft.Storage/storageAccounts/queueServices', parameters('storageAccounts_finvis_name'), 'default')]",
                "[resourceId('Microsoft.Storage/storageAccounts', parameters('storageAccounts_finvis_name'))]"
            ],
            "properties": {
                "metadata": {}
            }
        },
        {
            "type": "Microsoft.Storage/storageAccounts/queueServices/queues",
            "apiVersion": "2021-01-01",
            "name": "[concat(parameters('storageAccounts_finvis_name'), '/default/webjobs-blobtrigger-poison')]",
            "dependsOn": [
                "[resourceId('Microsoft.Storage/storageAccounts/queueServices', parameters('storageAccounts_finvis_name'), 'default')]",
                "[resourceId('Microsoft.Storage/storageAccounts', parameters('storageAccounts_finvis_name'))]"
            ],
            "properties": {
                "metadata": {}
            }
        }
    ]
}